name,date,Time
Tirtharaj Sinha,2020-12-19,20:14:39
Megan Fox,2020-12-19,20:14:51
Lionel Messi,2020-12-19,20:15:53
Amber Heard,2020-12-19,20:16:15
Antoine Griezmann,2020-12-19,20:16:36
victoria justice,2020-12-19,20:24:07
Emma Watson,2020-12-19,20:24:41
Cristiano Ronaldo,2020-12-19,21:04:04
Tirtharaj Sinha,2020-12-20,12:15:35
Barbara Palvin,2020-12-20,12:16:11
Megan Fox,2020-12-20,12:20:09
Lionel Messi,2020-12-20,12:20:51
victoria justice,2020-12-20,12:25:26
Cristiano Ronaldo,2020-12-20,12:25:50
Ana de Armas,2020-12-20,20:09:48
Emma Watson,2020-12-20,20:15:25
Antoine Griezmann,2020-12-20,20:16:22
Paul Pogba,2020-12-20,20:32:10
Kevin De Bruyne,2020-12-20,20:32:33
Mohamed Salah,2020-12-20,20:32:52
Kate Winslet,2020-12-20,21:15:21
Leonardo Dicaprio,2020-12-20,21:15:35
Xavi Hernandez,2020-12-20,22:22:13
Andres Iniesta,2020-12-20,22:22:33
Sergio Busquets,2020-12-20,22:24:04
A ,2020-12-20,22:25:22
Eiza Gonzalez,2020-12-20,22:35:52
Paul Pogba,2020-12-21,22:11:16
Tirtharaj Sinha,2020-12-21,22:11:17
Amber Heard,2020-12-21,22:11:54
Dove Cameron,2020-12-21,22:12:02
Sabrina Carpenter,2020-12-21,22:12:14
Emma Watson,2020-12-21,22:13:10
Jennifer Lawrence,2020-12-21,22:13:39
Megan Fox,2020-12-21,22:13:47
Ana de Armas,2020-12-21,22:14:21
Alexandra Daddario,2020-12-21,22:14:55
Eiza Gonzalez,2020-12-21,22:15:24
Barbara Palvin,2020-12-21,22:15:55
Tirtharaj Sinha,2020-12-22,18:13:58
Paul Pogba,2020-12-22,18:13:59
Barbara Palvin,2020-12-22,18:14:56
Eiza Gonzalez,2020-12-22,18:15:27
Ana de Armas,2020-12-22,18:15:46
Alexandra Daddario,2020-12-22,18:15:47
Megan Fox,2020-12-22,18:16:01
Emma Watson,2020-12-22,18:16:12
victoria justice,2020-12-22,18:16:22
Amber Heard,2020-12-22,18:16:59
Dove Cameron,2020-12-22,18:17:48
Sabrina Carpenter,2020-12-22,18:17:58
Lionel Messi,2020-12-22,18:18:22
Jennifer Lawrence,2020-12-22,18:18:54
Kevin De Bruyne,2020-12-22,21:16:32
Cristiano Ronaldo,2020-12-22,21:17:35
Xavi Hernandez,2020-12-22,23:09:46
Tirtharaj Sinha,2020-12-23,18:45:33
Barbara Palvin,2020-12-23,19:54:45
Alexandra Daddario,2020-12-23,19:55:10
Emma Watson,2020-12-23,20:09:12
Amber Heard,2020-12-23,20:09:30
victoria justice,2020-12-23,20:09:53
Ana de Armas,2020-12-23,20:10:04
Sabrina Carpenter,2020-12-23,20:10:35
Jennifer Lawrence,2020-12-23,20:10:36
Dove Cameron,2020-12-23,20:10:57
Sergio Busquets,2020-12-23,20:11:47
Lionel Messi,2020-12-23,20:12:18
Andres Iniesta,2020-12-23,21:01:53
Gerard Pique,2020-12-23,21:02:12
Mohamed Salah,2020-12-23,21:02:12
Cristiano Ronaldo,2020-12-23,21:02:32
Baba,2020-12-23,22:15:36
Ma,2020-12-23,22:16:10
Sophie Turner,2020-12-23,22:16:43
Katherine Langford,2020-12-23,22:16:44
Virat Kohli,2020-12-23,22:17:00
Luis Suarez,2020-12-23,22:17:23
Rowan Atkinson,2020-12-23,22:17:39
harry Potter,2020-12-23,22:17:52
Daniel Radcliff,2020-12-23,22:18:03
Brie Larson,2020-12-23,22:18:29
Elizabeth Olsen,2020-12-23,22:18:47
Scarlett Johansson,2020-12-23,22:19:01
Tom cruise,2020-12-23,22:19:21
Chris Evans,2020-12-23,22:19:38
Robart Downey Jr,2020-12-23,22:20:01
Paul Pogba,2020-12-23,23:25:30